-- MySQL dump 10.13  Distrib 8.0.19, for Linux (x86_64)
--
-- Host: localhost    Database: vk
-- ------------------------------------------------------
-- Server version	8.0.19

/*!40101 SET @OLD_CHARACTER_SET_CLIENT=@@CHARACTER_SET_CLIENT */;
/*!40101 SET @OLD_CHARACTER_SET_RESULTS=@@CHARACTER_SET_RESULTS */;
/*!40101 SET @OLD_COLLATION_CONNECTION=@@COLLATION_CONNECTION */;
/*!50503 SET NAMES utf8mb4 */;
/*!40103 SET @OLD_TIME_ZONE=@@TIME_ZONE */;
/*!40103 SET TIME_ZONE='+00:00' */;
/*!40014 SET @OLD_UNIQUE_CHECKS=@@UNIQUE_CHECKS, UNIQUE_CHECKS=0 */;
/*!40014 SET @OLD_FOREIGN_KEY_CHECKS=@@FOREIGN_KEY_CHECKS, FOREIGN_KEY_CHECKS=0 */;
/*!40101 SET @OLD_SQL_MODE=@@SQL_MODE, SQL_MODE='NO_AUTO_VALUE_ON_ZERO' */;
/*!40111 SET @OLD_SQL_NOTES=@@SQL_NOTES, SQL_NOTES=0 */;

--
-- Table structure for table `communities`
--

DROP TABLE IF EXISTS `communities`;
/*!40101 SET @saved_cs_client     = @@character_set_client */;
/*!50503 SET character_set_client = utf8mb4 */;
CREATE TABLE `communities` (
  `id` int unsigned NOT NULL AUTO_INCREMENT,
  `name` varchar(150) CHARACTER SET utf8 COLLATE utf8_unicode_ci NOT NULL,
  PRIMARY KEY (`id`),
  UNIQUE KEY `name` (`name`)
) ENGINE=InnoDB AUTO_INCREMENT=101 DEFAULT CHARSET=utf8 COLLATE=utf8_unicode_ci;
/*!40101 SET character_set_client = @saved_cs_client */;

--
-- Dumping data for table `communities`
--

LOCK TABLES `communities` WRITE;
/*!40000 ALTER TABLE `communities` DISABLE KEYS */;
INSERT INTO `communities` VALUES (9,'aut'),(18,'dolorum'),(7,'ea'),(1,'et'),(6,'exercitationem'),(16,'explicabo'),(17,'id'),(8,'laboriosam'),(12,'maiores'),(13,'maxime'),(11,'molestiae'),(15,'molestias'),(5,'natus'),(2,'non'),(20,'odio'),(4,'odit'),(19,'officiis'),(14,'quisquam'),(3,'rerum'),(10,'sit');
/*!40000 ALTER TABLE `communities` ENABLE KEYS */;
UNLOCK TABLES;

--
-- Table structure for table `communities_users`
--

DROP TABLE IF EXISTS `communities_users`;
/*!40101 SET @saved_cs_client     = @@character_set_client */;
/*!50503 SET character_set_client = utf8mb4 */;
CREATE TABLE `communities_users` (
  `community_id` int unsigned NOT NULL,
  `user_id` int unsigned NOT NULL,
  PRIMARY KEY (`community_id`,`user_id`)
) ENGINE=InnoDB DEFAULT CHARSET=utf8 COLLATE=utf8_unicode_ci;
/*!40101 SET character_set_client = @saved_cs_client */;

--
-- Dumping data for table `communities_users`
--

LOCK TABLES `communities_users` WRITE;
/*!40000 ALTER TABLE `communities_users` DISABLE KEYS */;
INSERT INTO `communities_users` VALUES (1,7),(1,12),(1,27),(1,70),(1,73),(2,37),(2,55),(2,63),(3,8),(3,44),(3,52),(3,90),(3,97),(3,98),(3,99),(4,1),(4,46),(4,96),(5,4),(5,23),(5,24),(5,50),(6,42),(6,85),(6,100),(7,18),(7,28),(7,30),(7,36),(7,45),(7,88),(7,92),(8,2),(8,6),(8,20),(8,48),(8,57),(8,58),(8,74),(8,83),(8,93),(9,9),(9,11),(9,38),(9,60),(10,3),(10,40),(11,16),(11,25),(11,31),(11,41),(11,56),(11,68),(11,76),(11,79),(12,5),(12,15),(12,34),(12,51),(12,62),(12,72),(13,22),(13,32),(13,64),(13,78),(13,82),(13,89),(13,95),(14,19),(14,29),(14,80),(14,86),(14,87),(15,10),(15,33),(15,59),(15,69),(15,91),(16,13),(16,14),(16,66),(17,35),(17,43),(17,53),(17,77),(18,49),(18,84),(19,26),(19,54),(19,65),(19,71),(19,75),(19,81),(20,17),(20,21),(20,39),(20,47),(20,61),(20,67),(20,94);
/*!40000 ALTER TABLE `communities_users` ENABLE KEYS */;
UNLOCK TABLES;

--
-- Table structure for table `friendship`
--

DROP TABLE IF EXISTS `friendship`;
/*!40101 SET @saved_cs_client     = @@character_set_client */;
/*!50503 SET character_set_client = utf8mb4 */;
CREATE TABLE `friendship` (
  `user_id` int unsigned NOT NULL,
  `friend_id` int unsigned NOT NULL,
  `status_id` int unsigned NOT NULL,
  `requested_at` datetime DEFAULT CURRENT_TIMESTAMP,
  `confirmed_at` datetime DEFAULT NULL,
  PRIMARY KEY (`user_id`,`friend_id`)
) ENGINE=InnoDB DEFAULT CHARSET=utf8 COLLATE=utf8_unicode_ci;
/*!40101 SET character_set_client = @saved_cs_client */;

--
-- Dumping data for table `friendship`
--

LOCK TABLES `friendship` WRITE;
/*!40000 ALTER TABLE `friendship` DISABLE KEYS */;
INSERT INTO `friendship` VALUES (3,66,1,'2018-03-19 17:29:22','2020-03-09 13:29:34'),(4,2,1,'2016-01-05 21:13:48','2020-03-09 13:29:34'),(6,7,1,'2014-11-27 09:04:06','2020-03-09 13:29:34'),(8,1,2,'2015-04-26 06:04:16','2018-09-16 18:52:20'),(9,12,2,'2011-10-07 22:14:16','2015-11-27 19:11:10'),(10,38,3,'2013-03-18 03:28:41','2020-03-09 13:29:34'),(10,86,1,'2014-01-05 22:58:27','2015-07-15 11:59:48'),(12,47,3,'2017-03-31 13:39:42','2020-03-09 13:29:34'),(14,48,2,'2013-03-17 23:09:52','2015-10-04 22:13:12'),(15,6,1,'2010-08-25 07:49:25','2020-02-17 22:52:57'),(15,71,1,'2011-02-13 05:30:45','2019-05-22 03:56:33'),(16,56,2,'2018-05-01 15:39:50','2020-03-09 13:29:34'),(21,6,3,'2017-11-10 16:25:03','2020-03-09 13:29:34'),(22,32,3,'2016-06-13 03:02:20','2017-03-28 03:54:12'),(23,52,3,'2014-07-14 17:18:49','2020-03-09 13:29:34'),(24,64,1,'2016-10-08 15:01:59','2019-09-21 07:13:59'),(25,23,3,'2015-03-27 00:45:26','2020-03-09 13:29:34'),(25,46,1,'2015-05-16 23:47:17','2017-01-15 20:50:32'),(26,47,2,'2017-08-19 03:58:39','2020-03-09 13:29:34'),(28,51,3,'2013-07-05 21:26:06','2018-09-26 10:44:37'),(29,57,3,'2013-10-02 18:02:06','2020-03-09 13:29:34'),(31,72,3,'2019-09-07 15:03:35','2019-10-25 13:54:12'),(32,33,1,'2018-03-25 01:14:37','2020-03-09 13:29:34'),(32,66,3,'2016-03-07 17:09:01','2019-11-14 17:55:24'),(33,94,1,'2015-08-13 15:44:46','2018-01-21 01:02:23'),(33,98,3,'2018-04-22 19:01:52','2020-02-07 14:03:01'),(35,25,2,'2011-02-23 15:02:32','2014-08-25 10:37:57'),(35,90,2,'2012-06-23 09:01:28','2018-09-03 16:01:57'),(36,82,1,'2016-06-01 00:18:49','2016-06-20 23:18:40'),(40,30,1,'2017-09-24 14:23:52','2020-03-09 13:29:34'),(41,62,2,'2014-08-12 09:44:53','2018-03-05 14:13:58'),(42,68,2,'2010-08-22 19:43:05','2014-12-03 13:05:09'),(43,20,2,'2013-06-06 04:00:24','2014-01-19 14:10:50'),(44,52,2,'2017-09-18 22:08:39','2020-03-09 13:29:34'),(48,68,2,'2015-03-13 23:56:05','2020-03-09 13:29:34'),(48,71,3,'2018-08-04 13:18:09','2020-03-09 13:29:34'),(49,50,2,'2013-07-18 02:48:07','2018-09-13 04:14:17'),(49,76,3,'2013-04-30 06:09:19','2020-03-09 13:29:34'),(49,98,1,'2011-08-28 09:21:46','2013-06-17 14:29:43'),(50,60,1,'2015-08-16 05:17:15','2020-03-09 13:29:34'),(52,80,1,'2019-03-30 15:45:36','2019-05-12 19:11:42'),(53,72,2,'2015-06-20 01:54:40','2020-03-09 13:29:34'),(54,32,2,'2011-09-19 02:56:06','2012-12-12 17:55:36'),(54,69,3,'2013-10-27 01:51:47','2017-06-15 21:17:05'),(55,23,2,'2012-04-25 00:28:07','2020-03-09 13:29:34'),(55,56,1,'2018-08-07 16:23:13','2020-03-09 13:29:34'),(56,50,1,'2019-11-28 08:04:10','2020-03-09 13:29:34'),(56,67,1,'2012-11-03 09:55:53','2016-10-26 04:57:42'),(58,47,2,'2011-12-21 19:58:14','2018-02-23 03:11:59'),(59,22,1,'2011-12-21 09:12:05','2012-02-25 01:52:17'),(59,61,3,'2013-11-28 13:37:04','2016-12-10 02:19:24'),(61,62,1,'2015-02-28 12:28:32','2020-03-09 13:29:34'),(65,11,2,'2013-02-18 21:47:44','2020-03-09 13:29:34'),(65,12,2,'2017-04-14 17:05:52','2020-03-09 13:29:34'),(65,33,3,'2015-07-09 23:48:35','2017-09-23 05:16:01'),(65,39,1,'2015-10-19 23:20:10','2020-03-09 13:29:34'),(66,30,3,'2016-08-27 13:27:04','2018-03-22 16:42:43'),(67,18,3,'2018-09-24 19:24:51','2020-03-09 13:29:34'),(67,35,2,'2018-04-14 06:09:04','2020-03-09 13:29:34'),(67,95,2,'2015-07-19 00:22:45','2020-03-09 13:29:34'),(68,39,2,'2015-03-02 22:14:52','2020-02-14 08:29:47'),(69,91,3,'2011-06-23 04:44:14','2016-05-09 23:00:24'),(70,44,3,'2013-01-03 03:43:45','2014-03-07 14:02:09'),(71,2,3,'2019-11-20 15:26:20','2020-03-09 13:29:34'),(71,22,3,'2010-04-06 11:58:47','2016-11-28 22:36:59'),(71,50,3,'2014-03-31 03:26:58','2016-06-28 01:51:22'),(71,81,2,'2013-03-15 12:10:43','2016-10-15 04:37:48'),(71,96,1,'2018-10-01 11:34:12','2020-03-09 13:29:34'),(72,78,2,'2018-12-22 04:39:58','2019-05-23 19:53:50'),(76,96,3,'2013-05-27 08:13:26','2013-10-31 12:57:55'),(80,2,2,'2012-07-21 01:49:45','2020-03-09 13:29:34'),(80,93,1,'2015-12-09 09:00:26','2020-03-09 13:29:34'),(80,95,3,'2016-12-19 05:56:46','2020-03-09 13:29:34'),(81,86,1,'2016-04-17 20:19:28','2020-03-09 13:29:34'),(83,66,1,'2014-12-22 12:40:20','2016-09-10 07:03:32'),(83,87,1,'2017-04-12 22:19:03','2020-03-09 13:29:34'),(84,4,3,'2017-11-28 00:38:05','2019-10-02 18:29:51'),(84,25,1,'2014-02-24 00:52:59','2018-03-23 18:41:50'),(85,64,3,'2015-12-06 16:26:39','2020-03-09 13:29:34'),(86,43,2,'2011-07-20 22:15:47','2018-09-01 05:09:03'),(86,71,1,'2019-07-01 19:38:14','2020-03-09 13:29:34'),(87,82,3,'2014-09-30 12:23:03','2015-09-27 17:06:48'),(91,6,3,'2012-12-09 19:14:08','2020-03-09 13:29:34'),(91,61,2,'2011-08-14 23:22:12','2020-03-09 13:29:34'),(91,100,2,'2011-09-11 23:34:34','2016-01-20 00:23:04'),(93,20,3,'2015-05-28 11:29:32','2020-03-09 13:29:34'),(94,51,3,'2017-11-22 12:38:50','2017-11-28 17:59:50'),(94,68,2,'2017-06-18 21:18:40','2020-03-09 13:29:34'),(94,72,2,'2018-08-30 03:11:46','2019-09-03 18:07:34'),(96,41,2,'2014-12-31 05:33:39','2020-03-09 13:29:34'),(96,63,2,'2019-06-03 02:24:12','2020-03-09 13:29:34'),(97,16,3,'2010-08-28 01:53:05','2016-06-21 04:22:24'),(97,80,1,'2011-04-15 16:26:32','2019-09-16 15:51:04'),(97,90,3,'2020-02-20 09:46:15','2020-03-09 13:29:34'),(98,47,2,'2014-08-08 13:49:57','2020-03-09 13:29:34'),(98,75,3,'2015-08-23 20:02:11','2016-12-09 12:17:15'),(99,21,2,'2019-02-14 18:02:12','2020-03-09 13:29:34'),(99,51,3,'2012-07-25 03:01:04','2019-03-07 07:44:58'),(99,89,1,'2011-03-29 17:48:00','2019-06-11 17:30:46'),(100,41,2,'2018-06-21 17:53:17','2020-03-09 13:29:34');
/*!40000 ALTER TABLE `friendship` ENABLE KEYS */;
UNLOCK TABLES;

--
-- Table structure for table `friendship_statuses`
--

DROP TABLE IF EXISTS `friendship_statuses`;
/*!40101 SET @saved_cs_client     = @@character_set_client */;
/*!50503 SET character_set_client = utf8mb4 */;
CREATE TABLE `friendship_statuses` (
  `id` int unsigned NOT NULL AUTO_INCREMENT,
  `name` varchar(150) CHARACTER SET utf8 COLLATE utf8_unicode_ci NOT NULL,
  PRIMARY KEY (`id`)
) ENGINE=InnoDB AUTO_INCREMENT=4 DEFAULT CHARSET=utf8 COLLATE=utf8_unicode_ci;
/*!40101 SET character_set_client = @saved_cs_client */;

--
-- Dumping data for table `friendship_statuses`
--

LOCK TABLES `friendship_statuses` WRITE;
/*!40000 ALTER TABLE `friendship_statuses` DISABLE KEYS */;
INSERT INTO `friendship_statuses` VALUES (1,'Requested'),(2,'Confirmed'),(3,'Rejected');
/*!40000 ALTER TABLE `friendship_statuses` ENABLE KEYS */;
UNLOCK TABLES;

--
-- Table structure for table `media`
--

DROP TABLE IF EXISTS `media`;
/*!40101 SET @saved_cs_client     = @@character_set_client */;
/*!50503 SET character_set_client = utf8mb4 */;
CREATE TABLE `media` (
  `id` int unsigned NOT NULL AUTO_INCREMENT,
  `media_type_id` int unsigned NOT NULL,
  `user_id` int unsigned NOT NULL,
  `filename` varchar(255) CHARACTER SET utf8 COLLATE utf8_unicode_ci NOT NULL,
  `size` int NOT NULL,
  `metadata` json DEFAULT NULL,
  `created_at` datetime DEFAULT CURRENT_TIMESTAMP,
  `updated_at` datetime DEFAULT CURRENT_TIMESTAMP ON UPDATE CURRENT_TIMESTAMP,
  PRIMARY KEY (`id`)
) ENGINE=InnoDB AUTO_INCREMENT=101 DEFAULT CHARSET=utf8 COLLATE=utf8_unicode_ci;
/*!40101 SET character_set_client = @saved_cs_client */;

--
-- Dumping data for table `media`
--

LOCK TABLES `media` WRITE;
/*!40000 ALTER TABLE `media` DISABLE KEYS */;
INSERT INTO `media` VALUES (1,1,92,'https://dropbox/vk/file_vitae',92459,'{\"owner\": \"Enoch Medhurst\"}','2016-09-01 09:11:37','2020-03-09 13:01:52'),(2,1,62,'https://dropbox/vk/file_ipsam',334786,'{\"owner\": \"Lynn Simonis\"}','2012-01-20 05:51:11','2020-03-09 13:01:52'),(3,3,33,'https://dropbox/vk/file_impedit',119,'{\"owner\": \"Gudrun Streich\"}','2013-05-18 00:19:43','2020-03-09 13:01:52'),(4,3,76,'https://dropbox/vk/file_error',110103108,'{\"owner\": \"Lillie Champlin\"}','2014-03-20 19:28:31','2020-03-09 13:01:52'),(5,3,83,'https://dropbox/vk/file_distinctio',241,'{\"owner\": \"Randal Wilkinson\"}','2011-03-05 07:43:01','2020-03-09 13:01:52'),(6,3,84,'https://dropbox/vk/file_eaque',9504530,'{\"owner\": \"Jessica Feest\"}','2010-10-23 20:48:13','2020-03-09 13:01:52'),(7,1,70,'https://dropbox/vk/file_quia',38777,'{\"owner\": \"Miguel Raynor\"}','2019-01-01 06:02:26','2020-03-09 13:01:52'),(8,2,97,'https://dropbox/vk/file_eos',41391,'{\"owner\": \"Carissa Hilpert\"}','2012-09-21 10:45:56','2020-03-09 13:01:52'),(9,2,75,'https://dropbox/vk/file_dolores',1674565,'{\"owner\": \"Orland Gorczany\"}','2012-05-12 22:32:08','2020-03-09 13:01:52'),(10,1,86,'https://dropbox/vk/file_blanditiis',890529,'{\"owner\": \"Adonis Mayert\"}','2010-06-05 14:24:01','2020-03-09 13:01:52'),(11,3,2,'https://dropbox/vk/file_quibusdam',438288,'{\"owner\": \"Vita Prosacco\"}','2013-01-13 17:11:44','2020-03-09 13:01:52'),(12,3,51,'https://dropbox/vk/file_esse',509856,'{\"owner\": \"Constance Crist\"}','2010-08-10 23:56:23','2020-03-09 13:01:52'),(13,2,48,'https://dropbox/vk/file_in',531582,'{\"owner\": \"Cecil Vandervort\"}','2012-01-01 22:26:01','2020-03-09 13:01:52'),(14,2,86,'https://dropbox/vk/file_at',506947545,'{\"owner\": \"Adonis Mayert\"}','2011-04-23 06:46:07','2020-03-09 13:01:52'),(15,2,85,'https://dropbox/vk/file_ea',77713010,'{\"owner\": \"Dina O\'Reilly\"}','2014-09-26 18:21:29','2020-03-09 13:01:52'),(16,2,67,'https://dropbox/vk/file_sunt',224413,'{\"owner\": \"Dee Pfannerstill\"}','2010-05-28 18:47:00','2020-03-09 13:01:52'),(17,2,80,'https://dropbox/vk/file_quo',47180345,'{\"owner\": \"Orie Beier\"}','2014-06-06 21:31:01','2020-03-09 13:01:52'),(18,2,98,'https://dropbox/vk/file_et',60490203,'{\"owner\": \"Marge Yost\"}','2015-09-10 15:40:08','2020-03-09 13:01:52'),(19,3,48,'https://dropbox/vk/file_ea',8367,'{\"owner\": \"Cecil Vandervort\"}','2018-09-14 08:13:42','2020-03-09 13:01:52'),(20,3,46,'https://dropbox/vk/file_ipsam',4,'{\"owner\": \"Wendell DuBuque\"}','2020-02-19 07:40:13','2020-03-09 13:01:52'),(21,1,84,'https://dropbox/vk/file_qui',58109718,'{\"owner\": \"Jessica Feest\"}','2013-07-08 04:21:46','2020-03-09 13:01:52'),(22,1,85,'https://dropbox/vk/file_non',21312,'{\"owner\": \"Dina O\'Reilly\"}','2012-03-23 13:22:53','2020-03-09 13:01:52'),(23,3,71,'https://dropbox/vk/file_temporibus',5,'{\"owner\": \"Breanna Davis\"}','2019-10-28 19:24:47','2020-03-09 13:01:52'),(24,3,99,'https://dropbox/vk/file_itaque',605049,'{\"owner\": \"Trisha Nienow\"}','2012-11-07 18:46:15','2020-03-09 13:01:52'),(25,3,83,'https://dropbox/vk/file_voluptatem',463294,'{\"owner\": \"Randal Wilkinson\"}','2010-10-14 22:47:33','2020-03-09 13:01:52'),(26,2,18,'https://dropbox/vk/file_expedita',98811,'{\"owner\": \"Karley Bednar\"}','2019-08-20 21:38:30','2020-03-09 13:01:52'),(27,3,39,'https://dropbox/vk/file_reiciendis',582500,'{\"owner\": \"Davon Wisoky\"}','2013-04-27 06:42:54','2020-03-09 13:01:52'),(28,3,40,'https://dropbox/vk/file_voluptatum',24,'{\"owner\": \"Freeman Marvin\"}','2011-05-27 07:53:50','2020-03-09 13:01:52'),(29,1,84,'https://dropbox/vk/file_vel',333,'{\"owner\": \"Jessica Feest\"}','2010-10-05 17:02:58','2020-03-09 13:01:52'),(30,2,99,'https://dropbox/vk/file_culpa',63,'{\"owner\": \"Trisha Nienow\"}','2014-03-23 17:06:40','2020-03-09 13:01:52'),(31,3,42,'https://dropbox/vk/file_dolorum',69918,'{\"owner\": \"Hollis Runolfsdottir\"}','2018-03-14 02:20:39','2020-03-09 13:01:52'),(32,3,11,'https://dropbox/vk/file_voluptatem',243,'{\"owner\": \"Jarod Crooks\"}','2014-03-27 20:02:23','2020-03-09 13:01:52'),(33,2,29,'https://dropbox/vk/file_voluptas',334,'{\"owner\": \"Elyse Donnelly\"}','2018-06-28 19:29:25','2020-03-09 13:01:52'),(34,3,14,'https://dropbox/vk/file_voluptatem',8,'{\"owner\": \"Christina Grant\"}','2014-12-28 12:07:38','2020-03-09 13:01:52'),(35,3,79,'https://dropbox/vk/file_debitis',65745,'{\"owner\": \"Eunice Lang\"}','2014-11-06 19:55:19','2020-03-09 13:01:52'),(36,2,56,'https://dropbox/vk/file_sapiente',2539,'{\"owner\": \"Zakary O\'Hara\"}','2017-05-29 08:07:59','2020-03-09 13:01:52'),(37,2,41,'https://dropbox/vk/file_cumque',9863094,'{\"owner\": \"Juanita Toy\"}','2019-04-16 04:45:44','2020-03-09 13:01:52'),(38,1,39,'https://dropbox/vk/file_nesciunt',5,'{\"owner\": \"Davon Wisoky\"}','2010-08-10 11:19:19','2020-03-09 13:01:52'),(39,1,68,'https://dropbox/vk/file_ipsam',2733,'{\"owner\": \"Irwin Koepp\"}','2019-10-02 19:54:49','2020-03-09 13:01:52'),(40,3,26,'https://dropbox/vk/file_repudiandae',229262,'{\"owner\": \"Ransom Senger\"}','2020-01-21 18:01:29','2020-03-09 13:01:52'),(41,3,23,'https://dropbox/vk/file_dignissimos',2,'{\"owner\": \"Angela Parisian\"}','2015-10-22 06:09:21','2020-03-09 13:01:52'),(42,3,39,'https://dropbox/vk/file_perspiciatis',7703,'{\"owner\": \"Davon Wisoky\"}','2014-11-28 04:26:07','2020-03-09 13:01:52'),(43,1,24,'https://dropbox/vk/file_qui',738249231,'{\"owner\": \"Hilbert Considine\"}','2017-10-07 06:42:37','2020-03-09 13:01:52'),(44,1,4,'https://dropbox/vk/file_et',98592,'{\"owner\": \"Elmer Jaskolski\"}','2017-01-01 14:11:57','2020-03-09 13:01:52'),(45,3,44,'https://dropbox/vk/file_molestias',746742,'{\"owner\": \"Luisa Kozey\"}','2016-08-25 22:48:16','2020-03-09 13:01:52'),(46,3,11,'https://dropbox/vk/file_occaecati',252401256,'{\"owner\": \"Jarod Crooks\"}','2014-08-06 01:49:45','2020-03-09 13:01:52'),(47,1,22,'https://dropbox/vk/file_occaecati',552616,'{\"owner\": \"Elizabeth Nienow\"}','2011-10-17 20:36:07','2020-03-09 13:01:52'),(48,3,78,'https://dropbox/vk/file_quidem',84687735,'{\"owner\": \"Kamryn Keebler\"}','2015-08-17 00:26:38','2020-03-09 13:01:52'),(49,2,21,'https://dropbox/vk/file_dicta',4305291,'{\"owner\": \"Randall O\'Connell\"}','2013-11-18 08:31:46','2020-03-09 13:01:52'),(50,3,72,'https://dropbox/vk/file_illum',388808,'{\"owner\": \"Theresa Torphy\"}','2019-12-08 02:03:55','2020-03-09 13:01:52'),(51,1,97,'https://dropbox/vk/file_error',722169,'{\"owner\": \"Carissa Hilpert\"}','2012-05-18 12:03:22','2020-03-09 13:01:52'),(52,2,66,'https://dropbox/vk/file_similique',46415146,'{\"owner\": \"Giovanny Feeney\"}','2019-11-01 14:05:49','2020-03-09 13:01:52'),(53,2,41,'https://dropbox/vk/file_sit',200,'{\"owner\": \"Juanita Toy\"}','2016-12-03 03:25:44','2020-03-09 13:01:52'),(54,3,5,'https://dropbox/vk/file_hic',246254,'{\"owner\": \"Brennon Dickens\"}','2011-08-10 18:35:59','2020-03-09 13:01:52'),(55,1,4,'https://dropbox/vk/file_voluptatem',626,'{\"owner\": \"Elmer Jaskolski\"}','2016-03-26 19:48:35','2020-03-09 13:01:52'),(56,1,3,'https://dropbox/vk/file_repellat',9636,'{\"owner\": \"Maymie Friesen\"}','2015-03-09 18:06:56','2020-03-09 13:01:52'),(57,3,2,'https://dropbox/vk/file_laboriosam',479492,'{\"owner\": \"Vita Prosacco\"}','2015-10-25 23:39:38','2020-03-09 13:01:52'),(58,1,99,'https://dropbox/vk/file_delectus',82,'{\"owner\": \"Trisha Nienow\"}','2011-10-29 18:14:08','2020-03-09 13:01:52'),(59,1,90,'https://dropbox/vk/file_est',54849,'{\"owner\": \"Maximillia Altenwerth\"}','2016-12-10 09:52:44','2020-03-09 13:01:52'),(60,1,50,'https://dropbox/vk/file_unde',704877900,'{\"owner\": \"Gilbert Schowalter\"}','2015-11-08 05:36:05','2020-03-09 13:01:52'),(61,2,82,'https://dropbox/vk/file_laboriosam',730,'{\"owner\": \"Adelle Kozey\"}','2014-12-20 02:49:06','2020-03-09 13:01:52'),(62,3,60,'https://dropbox/vk/file_et',8,'{\"owner\": \"Jayne Kessler\"}','2018-01-25 01:47:54','2020-03-09 13:01:52'),(63,3,51,'https://dropbox/vk/file_et',843894,'{\"owner\": \"Constance Crist\"}','2018-03-31 21:33:03','2020-03-09 13:01:52'),(64,3,75,'https://dropbox/vk/file_et',254,'{\"owner\": \"Orland Gorczany\"}','2011-02-03 10:08:06','2020-03-09 13:01:52'),(65,1,24,'https://dropbox/vk/file_nemo',90,'{\"owner\": \"Hilbert Considine\"}','2016-01-04 14:55:30','2020-03-09 13:01:52'),(66,3,92,'https://dropbox/vk/file_deserunt',7,'{\"owner\": \"Enoch Medhurst\"}','2014-12-13 17:28:43','2020-03-09 13:01:52'),(67,2,88,'https://dropbox/vk/file_in',243,'{\"owner\": \"Willow Towne\"}','2011-11-28 12:47:25','2020-03-09 13:01:52'),(68,3,66,'https://dropbox/vk/file_unde',465130781,'{\"owner\": \"Giovanny Feeney\"}','2015-09-30 17:28:51','2020-03-09 13:01:52'),(69,2,62,'https://dropbox/vk/file_autem',963973,'{\"owner\": \"Lynn Simonis\"}','2012-03-14 13:18:14','2020-03-09 13:01:52'),(70,1,13,'https://dropbox/vk/file_occaecati',525484,'{\"owner\": \"Russ Gibson\"}','2015-09-17 02:30:40','2020-03-09 13:01:52'),(71,1,78,'https://dropbox/vk/file_totam',6689088,'{\"owner\": \"Kamryn Keebler\"}','2010-07-03 07:37:00','2020-03-09 13:01:52'),(72,3,50,'https://dropbox/vk/file_deserunt',513360579,'{\"owner\": \"Gilbert Schowalter\"}','2015-05-24 01:08:18','2020-03-09 13:01:52'),(73,3,18,'https://dropbox/vk/file_veritatis',89,'{\"owner\": \"Karley Bednar\"}','2018-07-19 06:00:21','2020-03-09 13:01:52'),(74,3,39,'https://dropbox/vk/file_omnis',935,'{\"owner\": \"Davon Wisoky\"}','2011-11-22 22:17:28','2020-03-09 13:01:52'),(75,3,38,'https://dropbox/vk/file_id',7534,'{\"owner\": \"Stella Bartoletti\"}','2019-08-10 04:52:30','2020-03-09 13:01:52'),(76,1,73,'https://dropbox/vk/file_sed',1,'{\"owner\": \"Koby Dietrich\"}','2020-02-08 07:10:39','2020-03-09 13:01:52'),(77,2,50,'https://dropbox/vk/file_repellendus',27678185,'{\"owner\": \"Gilbert Schowalter\"}','2011-09-02 17:05:54','2020-03-09 13:01:52'),(78,3,31,'https://dropbox/vk/file_itaque',7132527,'{\"owner\": \"Jazmin Shanahan\"}','2015-08-18 02:17:17','2020-03-09 13:01:52'),(79,1,4,'https://dropbox/vk/file_quam',2207435,'{\"owner\": \"Elmer Jaskolski\"}','2019-11-19 04:27:41','2020-03-09 13:01:52'),(80,1,25,'https://dropbox/vk/file_corporis',888382,'{\"owner\": \"Grant Willms\"}','2014-06-17 22:11:41','2020-03-09 13:01:52'),(81,2,15,'https://dropbox/vk/file_animi',452872,'{\"owner\": \"Robin Reynolds\"}','2015-06-03 18:05:06','2020-03-09 13:01:52'),(82,3,99,'https://dropbox/vk/file_vel',3443,'{\"owner\": \"Trisha Nienow\"}','2019-07-26 08:44:34','2020-03-09 13:01:52'),(83,3,49,'https://dropbox/vk/file_hic',852218,'{\"owner\": \"Darryl Howe\"}','2013-04-29 11:14:41','2020-03-09 13:01:52'),(84,3,46,'https://dropbox/vk/file_ut',677907,'{\"owner\": \"Wendell DuBuque\"}','2013-02-07 11:46:17','2020-03-09 13:01:52'),(85,1,83,'https://dropbox/vk/file_cum',6,'{\"owner\": \"Randal Wilkinson\"}','2013-10-23 03:58:48','2020-03-09 13:01:52'),(86,2,77,'https://dropbox/vk/file_ratione',20922,'{\"owner\": \"Agustina Wuckert\"}','2020-01-06 16:04:44','2020-03-09 13:01:52'),(87,2,37,'https://dropbox/vk/file_doloribus',37,'{\"owner\": \"Evert Roberts\"}','2014-02-11 22:20:34','2020-03-09 13:01:52'),(88,3,51,'https://dropbox/vk/file_culpa',9728,'{\"owner\": \"Constance Crist\"}','2019-06-06 22:43:00','2020-03-09 13:01:52'),(89,2,43,'https://dropbox/vk/file_aspernatur',78162965,'{\"owner\": \"Jacey McClure\"}','2013-01-21 03:44:26','2020-03-09 13:01:52'),(90,3,61,'https://dropbox/vk/file_voluptas',16246246,'{\"owner\": \"Luther Walter\"}','2014-01-12 14:10:21','2020-03-09 13:01:52'),(91,2,78,'https://dropbox/vk/file_deserunt',1,'{\"owner\": \"Kamryn Keebler\"}','2018-04-25 05:37:01','2020-03-09 13:01:52'),(92,2,5,'https://dropbox/vk/file_voluptas',7,'{\"owner\": \"Brennon Dickens\"}','2013-09-15 13:29:33','2020-03-09 13:01:52'),(93,3,91,'https://dropbox/vk/file_necessitatibus',59,'{\"owner\": \"Terrence Bechtelar\"}','2019-02-09 19:54:31','2020-03-09 13:01:52'),(94,3,38,'https://dropbox/vk/file_rem',60887,'{\"owner\": \"Stella Bartoletti\"}','2019-09-03 00:37:55','2020-03-09 13:01:52'),(95,2,18,'https://dropbox/vk/file_dolore',131594,'{\"owner\": \"Karley Bednar\"}','2018-09-23 03:01:19','2020-03-09 13:01:52'),(96,2,74,'https://dropbox/vk/file_dolores',114275413,'{\"owner\": \"Tyra Marks\"}','2015-10-21 18:54:38','2020-03-09 13:01:52'),(97,3,14,'https://dropbox/vk/file_aut',18314393,'{\"owner\": \"Christina Grant\"}','2016-11-04 09:24:49','2020-03-09 13:01:52'),(98,1,50,'https://dropbox/vk/file_molestiae',79345712,'{\"owner\": \"Gilbert Schowalter\"}','2012-10-19 13:08:42','2020-03-09 13:01:52'),(99,1,9,'https://dropbox/vk/file_sint',956317,'{\"owner\": \"Uriah Balistreri\"}','2015-04-16 23:15:22','2020-03-09 13:01:52'),(100,1,92,'https://dropbox/vk/file_non',256217647,'{\"owner\": \"Enoch Medhurst\"}','2016-10-20 03:54:39','2020-03-09 13:01:52');
/*!40000 ALTER TABLE `media` ENABLE KEYS */;
UNLOCK TABLES;

--
-- Table structure for table `media_types`
--

DROP TABLE IF EXISTS `media_types`;
/*!40101 SET @saved_cs_client     = @@character_set_client */;
/*!50503 SET character_set_client = utf8mb4 */;
CREATE TABLE `media_types` (
  `id` int unsigned NOT NULL AUTO_INCREMENT,
  `name` varchar(255) CHARACTER SET utf8 COLLATE utf8_unicode_ci NOT NULL,
  PRIMARY KEY (`id`),
  UNIQUE KEY `name` (`name`)
) ENGINE=InnoDB AUTO_INCREMENT=4 DEFAULT CHARSET=utf8 COLLATE=utf8_unicode_ci;
/*!40101 SET character_set_client = @saved_cs_client */;

--
-- Dumping data for table `media_types`
--

LOCK TABLES `media_types` WRITE;
/*!40000 ALTER TABLE `media_types` DISABLE KEYS */;
INSERT INTO `media_types` VALUES (3,'audio'),(1,'photo'),(2,'video');
/*!40000 ALTER TABLE `media_types` ENABLE KEYS */;
UNLOCK TABLES;

--
-- Table structure for table `messages`
--

DROP TABLE IF EXISTS `messages`;
/*!40101 SET @saved_cs_client     = @@character_set_client */;
/*!50503 SET character_set_client = utf8mb4 */;
CREATE TABLE `messages` (
  `id` int unsigned NOT NULL AUTO_INCREMENT,
  `from_user_id` int unsigned NOT NULL,
  `to_user_id` int unsigned NOT NULL,
  `body` text CHARACTER SET utf8 COLLATE utf8_unicode_ci NOT NULL,
  `is_important` tinyint(1) DEFAULT NULL,
  `is_delivered` tinyint(1) DEFAULT NULL,
  `created_at` datetime DEFAULT CURRENT_TIMESTAMP,
  PRIMARY KEY (`id`)
) ENGINE=InnoDB AUTO_INCREMENT=101 DEFAULT CHARSET=utf8 COLLATE=utf8_unicode_ci;
/*!40101 SET character_set_client = @saved_cs_client */;

--
-- Dumping data for table `messages`
--

LOCK TABLES `messages` WRITE;
/*!40000 ALTER TABLE `messages` DISABLE KEYS */;
INSERT INTO `messages` VALUES (1,98,17,'Est dignissimos alias voluptatem asperiores voluptatibus. Dolor laboriosam eos ab nulla. Aut sit veritatis et distinctio. Quis velit sunt velit in et eos est.',1,1,'2019-07-14 15:25:30'),(2,91,1,'Ab ut vitae sint quos. Vel rerum consequuntur ut eos consequuntur. Dicta error laboriosam sint dolore rerum vitae aut facere.',1,1,'2019-12-26 19:10:55'),(3,35,69,'Sed quod sit ut alias velit at voluptatem. Eum id amet aut autem quo deserunt fugiat. Et provident laboriosam at. In odio et labore voluptatem mollitia.',1,0,'2019-12-20 09:36:00'),(4,41,99,'Laborum temporibus voluptatum ut sint asperiores minima aut. Qui minus nihil pariatur quo cumque. Id delectus saepe accusamus beatae iusto et. Dolores eos quia tempora id.',0,0,'2019-03-20 16:31:53'),(5,69,49,'Quos saepe asperiores illo laboriosam fugiat et perspiciatis. Dolores iste ut aliquid aut exercitationem iste suscipit. Et voluptates tempora labore amet fugiat accusantium.',1,1,'2019-09-05 19:27:47'),(6,36,32,'Quas officiis aut ut. Maiores distinctio reprehenderit ut consequuntur blanditiis soluta. In rerum est modi nostrum.',0,1,'2019-09-09 01:25:30'),(7,51,60,'Praesentium nemo ut et illo perferendis tempora reprehenderit. Repellat consequatur consectetur at vel necessitatibus. Quia id quaerat maxime reiciendis sed. Qui quam magnam a animi. Nesciunt repudiandae explicabo sunt necessitatibus error sint non voluptatem.',1,1,'2019-07-17 23:47:10'),(8,46,50,'Quibusdam tenetur occaecati id. Dolores aut minus suscipit ratione. Fuga et officia saepe ab. Possimus aut quo recusandae occaecati necessitatibus voluptas.',1,1,'2019-10-18 09:52:51'),(9,13,15,'Eligendi quas ut assumenda. Maiores natus nulla omnis autem suscipit consequatur mollitia qui. Cupiditate veniam ipsa fugit eaque rerum minima.',1,0,'2020-01-18 17:17:38'),(10,33,19,'Odit est fuga mollitia nihil quia neque modi. Ea accusantium eius suscipit magni ad temporibus ducimus. Consequatur ex nesciunt quo aut. Est alias distinctio sint rem quo quaerat voluptatem. Velit laborum neque totam deserunt ratione.',0,1,'2019-03-26 09:41:08'),(11,98,30,'Minima expedita saepe sed ea. Provident qui in minima quos quidem. Quasi earum nostrum sed sapiente alias eaque veritatis.',1,1,'2019-05-29 02:58:01'),(12,55,86,'Voluptatem pariatur fugit sunt voluptatem. Quasi autem impedit illo unde magni fuga. Accusamus est ab voluptas quibusdam necessitatibus. Non et possimus ut nostrum nam.',0,0,'2019-11-30 10:45:28'),(13,66,71,'Laudantium nemo quo repellendus eius et maxime. Ex odit omnis nulla nihil enim doloremque. Ad dolores illo qui aut.',1,0,'2019-08-26 20:31:23'),(14,54,58,'Perferendis dolorum repudiandae ullam iure omnis ullam adipisci. Eos sed aspernatur quos inventore saepe deleniti cum hic. Neque minima facere nemo quae quo minus nam. Recusandae atque qui facilis explicabo similique doloribus dignissimos.',0,1,'2019-11-14 19:43:26'),(15,26,57,'Et et nobis voluptas sapiente ea inventore incidunt. Esse sit saepe at enim quia.',0,0,'2019-09-17 15:10:01'),(16,7,61,'Est molestias labore culpa ea. Est et laborum minus repudiandae recusandae. At molestias cumque placeat molestiae sed iste autem. Est est aut nemo eum dolores sint.',0,0,'2019-11-14 07:36:41'),(17,85,42,'Harum a soluta quia sint accusamus et est. Voluptas rem quo minus omnis.',0,1,'2019-11-15 06:34:43'),(18,52,35,'Quisquam beatae voluptates aut sed quaerat. Dicta sint aliquam minus eos qui rerum ut. Quo ea aut at praesentium quis ullam excepturi aut. Laborum rerum sequi debitis sunt qui qui velit.',0,1,'2019-03-07 06:12:58'),(19,19,87,'Repudiandae placeat laboriosam fugit. Quis delectus voluptas consequuntur vel ut. Est et voluptas iure. Consequuntur qui qui aut iusto sed enim commodi. Voluptas non recusandae saepe et nisi voluptates odit modi.',0,0,'2019-09-16 17:24:10'),(20,81,40,'Placeat qui ut deleniti molestiae placeat non qui nam. Quo necessitatibus corrupti eius aspernatur a. Occaecati natus blanditiis provident aut. Itaque dolorem minus magni et ut dolores.',0,1,'2019-08-14 01:59:36'),(21,60,78,'Cupiditate commodi veritatis omnis. Officiis et nihil praesentium. Cumque quidem adipisci iure neque placeat eligendi. Soluta iusto rerum voluptate enim ducimus explicabo.',1,1,'2019-11-11 22:49:48'),(22,11,19,'Libero corporis debitis non tenetur aliquam. Aut aliquam ea veniam non corporis autem. Culpa doloremque quia ipsum. Ex aliquid dolor tempore natus ea nisi amet illum.',0,0,'2019-07-02 10:14:41'),(23,61,49,'Impedit rerum praesentium vitae qui veniam quo illo. Possimus corrupti nulla ducimus modi. Sit eligendi eaque distinctio ut eligendi iure magni.',0,1,'2019-05-15 23:46:15'),(24,60,54,'Placeat culpa voluptatum voluptas debitis molestiae. Sed excepturi magnam earum accusantium. Consectetur eum qui eaque repudiandae minus nam. Culpa facere enim autem et similique libero vel.',0,0,'2020-01-29 10:03:02'),(25,87,73,'Aut rem blanditiis quia quia iusto facilis. Praesentium illo quo quidem eum nemo magnam ab. Atque atque qui accusantium voluptatum. Modi minima et aliquid aut at excepturi repellat omnis.',0,0,'2019-10-27 14:37:46'),(26,6,10,'Impedit enim et sit eaque numquam atque rerum. Et molestiae libero quisquam facere ut explicabo. Sit non earum harum est dolorem repellendus. Nisi occaecati perspiciatis sed libero voluptatem.',1,0,'2019-08-29 13:10:27'),(27,29,16,'Nam esse et aut. Ut et deserunt eveniet asperiores quis inventore beatae. Rerum ad eum et iure minus rerum consequuntur. Quia veniam repellat sapiente quia quo omnis qui.',0,1,'2019-06-05 16:39:14'),(28,91,7,'Quo tempora atque temporibus veniam corporis est dicta qui. Sint ut eos vel id. Nemo ut dicta id veniam. Quia neque sit et sed nulla consectetur sed.',1,0,'2019-07-01 12:55:40'),(29,62,88,'Voluptatem ullam dolore cupiditate porro. Commodi ipsa cupiditate excepturi minima. Sint error ratione assumenda voluptas.',0,1,'2019-09-08 19:44:54'),(30,55,8,'Facilis dolores pariatur natus quibusdam et eos veniam. Doloribus commodi quis qui quas.',1,0,'2019-08-27 20:28:00'),(31,77,61,'Excepturi suscipit magnam alias sit. Recusandae magni atque dolor consequuntur fugit amet.',1,1,'2019-06-21 10:31:02'),(32,71,71,'Possimus quia quisquam animi dolore enim perspiciatis. Atque nihil maiores minima repellendus modi. Nihil quo saepe tempore accusantium qui ut quis. Ea in voluptas porro aperiam iusto.',0,0,'2019-10-06 23:56:07'),(33,44,7,'Reprehenderit voluptatum omnis reiciendis non omnis ea. Voluptatem repellendus illo et dicta hic. Nisi delectus quasi consequatur ipsam. Eius cupiditate facere est et et qui.',1,1,'2020-01-20 01:21:17'),(34,1,83,'A et nemo autem et. Aut aut maiores error dolor quod quasi ab. Quo maiores repellendus magni eum.',1,1,'2019-06-14 04:47:13'),(35,10,2,'Placeat cum ut odit culpa et fugiat error. Consequatur dignissimos sed porro et. Repudiandae dolore a molestias et consequuntur magnam necessitatibus amet. Illo sed autem repellendus ex totam reiciendis accusantium.',1,1,'2020-01-07 13:29:09'),(36,81,97,'Earum sit provident consequatur est. Ut architecto nesciunt eos sapiente voluptatem distinctio ipsam assumenda. Doloremque ullam rerum voluptatibus atque.',1,1,'2019-10-09 10:39:38'),(37,41,15,'Molestiae minima ut omnis aperiam sequi assumenda. Hic ratione explicabo debitis ad minima aut magnam. Distinctio voluptatem ea exercitationem illum velit quo maxime. Fugit magnam eos adipisci non neque.',0,1,'2019-06-13 07:16:19'),(38,49,2,'Ducimus vitae modi et sapiente error nemo. Officia vel et omnis deserunt aut. Occaecati excepturi nemo quis laborum libero vel. Fugit voluptatem ratione earum necessitatibus ex sapiente.',1,0,'2019-09-02 02:32:12'),(39,60,96,'Quaerat sequi aspernatur cum quae quos quaerat. Est rerum voluptate atque exercitationem. Nam eum sit molestiae modi quisquam. Ut quam deserunt est illo in. Fuga quo ex aliquid nihil.',1,0,'2019-12-14 00:57:51'),(40,100,9,'Officiis et hic labore nesciunt est. Autem quia maiores quod occaecati qui commodi enim. Amet ut sunt ipsa tempora corrupti blanditiis sequi. Ut dolorem occaecati impedit ea officiis nobis.',0,1,'2019-09-14 12:59:12'),(41,45,99,'Exercitationem iusto nisi consequatur harum. Iusto et recusandae alias ut sit. Cum nemo in consectetur aut eligendi. Quaerat eum ut assumenda eos dolorem eum.',1,1,'2019-04-17 07:48:00'),(42,61,5,'Incidunt assumenda ut dolores. Velit id voluptas omnis a. Est itaque placeat illo et aut. Et nihil asperiores ipsa iste voluptatem eligendi sint.',1,0,'2019-11-02 12:25:27'),(43,43,97,'Saepe odit non hic soluta neque maxime. Odit ab doloremque sint soluta aut reprehenderit occaecati. Corporis distinctio exercitationem omnis repellendus maiores qui.',0,1,'2019-03-10 17:09:04'),(44,57,92,'Sed ad error magni numquam est debitis recusandae. Nesciunt optio veniam esse modi delectus excepturi. Est facilis accusamus laudantium laboriosam ullam. Quia voluptatem architecto aut delectus.',1,1,'2019-03-17 02:09:08'),(45,88,64,'Officia molestiae vitae quod quibusdam qui quaerat delectus minus. Facilis beatae officia aliquid quia quidem aut. Libero iste ut autem rerum mollitia. Corporis modi pariatur et quos veritatis dignissimos debitis. Et sint amet enim et distinctio animi.',1,1,'2020-02-22 12:43:30'),(46,55,82,'Autem praesentium deleniti vero sequi nihil minima. Et aut ut delectus voluptatibus quia atque qui praesentium. Quis delectus aut sapiente rerum a. Quod corrupti magni aperiam tenetur consequatur.',0,0,'2019-03-28 18:47:29'),(47,47,86,'Praesentium deserunt sequi et. Sed qui sint a vero nihil ut. Et quod sit est. Ut eos expedita omnis accusantium rem. Voluptate minima eaque dolores rem quidem dolor et.',0,1,'2019-10-04 11:24:54'),(48,91,97,'Et eos nemo et impedit sit quas quae modi. Nisi accusamus voluptatem animi enim qui soluta qui. Voluptatem rerum omnis non esse sint veniam natus.',1,1,'2019-12-12 09:34:38'),(49,9,56,'Neque ad unde esse est non est. Reprehenderit enim deleniti laborum et vitae non. Quas quibusdam ipsam sapiente minus.',0,1,'2019-10-29 02:44:06'),(50,53,97,'Non est qui et architecto. Et earum molestias distinctio commodi porro ad delectus. Placeat aut et qui consequuntur qui repudiandae voluptatum.',0,0,'2020-01-07 14:27:54'),(51,25,33,'Eos neque suscipit aut eos. Enim eum molestiae vero et soluta tenetur est. Consequuntur unde enim temporibus aliquam sed sint.',0,0,'2020-01-09 16:09:03'),(52,88,41,'Qui et doloremque omnis molestiae. Quos quia eveniet vero ut voluptatem facilis in. Recusandae sit ut soluta cum minima. Sint rerum officiis esse tempora.',1,1,'2019-04-23 18:32:28'),(53,39,72,'Ut quo architecto et atque dolores reiciendis. Qui non aut autem quis. Et eaque debitis labore ea quos ab aliquid.',0,1,'2019-04-24 10:53:23'),(54,43,97,'Ex aliquam atque totam voluptas distinctio laboriosam sint. Architecto velit ducimus voluptatem incidunt porro. Distinctio rerum eum aliquid in accusantium. Recusandae quo nam excepturi quod quo.',0,0,'2019-06-20 18:25:08'),(55,58,97,'Expedita qui hic natus repudiandae dignissimos. Dignissimos porro ut ea laboriosam. Non temporibus consequuntur quas assumenda rerum iste esse.',1,1,'2019-11-14 19:26:33'),(56,9,54,'Aut porro quos molestiae vitae amet corrupti qui quod. Dolore sapiente iste eum in.',0,0,'2019-06-03 07:20:39'),(57,41,45,'Consequuntur voluptatum ipsam officia similique. Est aut facere aperiam ea repellat est possimus. Sunt animi et fuga dolore. Occaecati et pariatur id ea ipsum dolor nulla.',1,1,'2020-01-25 12:40:42'),(58,99,62,'At tenetur modi tempore et. Nemo fuga nihil illo facere repudiandae eos. Ex enim minima ea provident repellendus asperiores veritatis.',1,0,'2019-11-07 00:48:38'),(59,10,64,'Eligendi eos illo amet placeat ipsa excepturi. Ut et dignissimos deserunt ducimus consequatur nam. Est aut rem sit facilis aut nulla consectetur repellendus. Beatae fugiat et autem odit.',0,1,'2019-04-07 14:41:00'),(60,92,65,'Perspiciatis et et cupiditate ut impedit. Et a fugiat dolorem sunt. Et consectetur ea dicta.',1,1,'2020-01-05 14:25:03'),(61,48,45,'Illo non praesentium sit autem modi nihil. Officiis corporis ea repellat nobis velit. Molestiae in voluptas saepe corrupti autem et. Reiciendis maxime architecto doloremque. Et eos tenetur ipsa veritatis consequatur et eos.',0,0,'2020-02-17 00:57:47'),(62,81,68,'Maiores reiciendis doloremque fuga. Consequatur eum nulla sit atque. Ut est sint et fuga. Voluptatem illo aut minima magni deserunt aliquid eum. Impedit sapiente dolor non ex repellendus ipsam in fugiat.',1,1,'2019-07-17 19:28:54'),(63,98,86,'Illum amet vel qui omnis. Aliquid voluptas nemo incidunt. Sint eum odio ea. Doloremque sed omnis accusamus id laudantium magni est.',1,0,'2019-08-23 07:24:45'),(64,36,21,'Error vitae iste porro sapiente eos magnam voluptatum. Impedit corporis dolorem dolores ea eos et.',1,0,'2019-07-27 05:33:18'),(65,98,23,'Vitae officia voluptas debitis quidem veniam laboriosam. Pariatur aut ut aliquam. Sapiente eos error sint exercitationem id. Sapiente voluptatem saepe natus in.',0,0,'2019-09-26 07:09:01'),(66,23,46,'Sed perspiciatis porro animi vel est impedit. Dolore vel explicabo in optio ea. Iste non optio vitae ea maxime dignissimos fuga.',1,1,'2019-09-13 07:10:42'),(67,62,69,'Odio eaque qui qui maxime quo non aut autem. Doloremque non quidem vel perspiciatis. Fugit velit voluptates enim qui labore expedita. Sapiente rem nihil molestiae sed dolorem quae.',1,1,'2019-05-25 22:14:00'),(68,59,87,'Animi nihil earum corporis facilis a quia. Blanditiis voluptate ex et minima quisquam modi. Consequatur illo libero molestiae laudantium placeat aliquid architecto.',0,0,'2020-01-31 17:43:51'),(69,56,20,'Qui magnam ut aut similique illo. At ut pariatur et. Occaecati omnis quisquam est quasi. Vero sit eos quasi necessitatibus.',1,1,'2019-10-14 23:58:08'),(70,32,99,'Nam sed neque voluptate quisquam voluptas saepe quibusdam iste. Consequatur iusto occaecati vel iusto. Recusandae nostrum ipsam quia quae atque.',0,1,'2019-10-03 01:50:06'),(71,99,98,'Qui adipisci laudantium cupiditate quae maiores. Et soluta incidunt rerum qui officia. Impedit animi repudiandae eveniet autem ut.',1,1,'2019-10-28 07:50:36'),(72,93,70,'Nihil libero vitae error neque occaecati expedita magnam. Hic maiores eaque et debitis occaecati.',0,1,'2019-09-12 19:47:07'),(73,72,49,'Culpa non earum sit eos consequatur. Voluptate laudantium quis recusandae est ex expedita explicabo et. Qui ipsam odit adipisci omnis inventore distinctio quis. Inventore nostrum est incidunt consectetur culpa provident occaecati. Voluptatibus ea ut molestiae aut.',0,1,'2019-06-18 06:22:07'),(74,30,1,'Aliquam corrupti doloremque sit nesciunt sequi iusto. Repellendus voluptas est porro officiis voluptatem et. Dicta perspiciatis totam inventore. Quo cum sunt aliquid deserunt voluptatem vel. Est maxime officiis voluptatem blanditiis.',0,0,'2020-02-04 17:15:43'),(75,16,77,'Saepe sit dolorum excepturi ratione voluptatibus quod. Impedit tenetur eligendi sit aut nobis expedita asperiores.',0,0,'2019-07-29 06:23:31'),(76,34,38,'Voluptas inventore optio est dicta quasi sed maiores. Doloremque aspernatur et ducimus exercitationem qui ut. Fuga eius est molestiae quibusdam. At et ea nesciunt et.',1,1,'2020-01-10 05:33:51'),(77,88,26,'Quia illo cupiditate in consequuntur et. Expedita aut enim at eos. Optio omnis at fugiat sit deserunt.',1,1,'2019-10-12 11:59:49'),(78,68,58,'Reiciendis aut in quis consequatur ut. Minus sed enim quisquam sunt sit harum atque dolore. Doloremque odit et eos qui. Quam nostrum quisquam et facere occaecati hic quis.',1,0,'2019-08-25 20:07:27'),(79,85,53,'Et cupiditate impedit totam officiis tenetur. Maiores molestiae saepe sapiente quia optio dolor. Voluptas labore et aut eaque fugit.',1,1,'2019-05-15 14:02:47'),(80,7,76,'Nihil ab aut quos omnis sunt sint aspernatur. Omnis ad eligendi molestias minima et harum exercitationem.',0,0,'2019-08-16 02:43:51'),(81,58,64,'Fuga dolor placeat qui. Autem architecto autem molestiae. Consequatur facere rerum quidem culpa beatae occaecati. Et in mollitia id.',0,1,'2019-10-09 00:34:19'),(82,44,28,'Sint nostrum voluptatem et aut enim animi officia sed. Hic rem ratione qui sit saepe. Et veritatis velit ut tenetur vel excepturi.',1,0,'2019-12-09 03:59:27'),(83,7,49,'Minus qui ut sunt quaerat est harum enim. Eius voluptates qui ut.',0,1,'2020-02-17 19:55:58'),(84,25,78,'In cum sed consequatur alias ad aut expedita. Animi at deleniti ut nisi rerum aspernatur. Nobis quae commodi dolore earum.',1,0,'2020-02-12 11:01:29'),(85,15,39,'Iure libero enim eum tempora numquam accusantium eaque. Incidunt harum maxime quis ut recusandae. Deserunt aut dolor corrupti omnis aspernatur sed est.',1,1,'2019-05-13 20:58:23'),(86,51,37,'Quae repellat quia non eaque. Aperiam totam alias totam itaque. Minima fugit ipsam magnam aut inventore est.',0,0,'2020-02-28 12:20:26'),(87,29,36,'Illo vero voluptatem et vero quia. Laboriosam vel earum qui est dicta enim. Ut qui totam reiciendis. Quasi consequatur aperiam officia soluta amet consequatur.',1,0,'2020-02-05 12:38:26'),(88,94,59,'Ipsa aut quae ducimus praesentium et sed et. Eum doloribus sunt et ea nobis voluptatibus voluptas voluptates. Ratione praesentium illum quam eos.',0,1,'2019-05-28 06:05:30'),(89,14,90,'Rerum error esse qui culpa aperiam fugit enim. Non qui repudiandae voluptatum.',0,1,'2019-03-15 19:26:57'),(90,9,74,'Tempora vel cumque sed ut. Sit ipsam et voluptatem animi omnis. Sapiente dolores sapiente a hic.',1,0,'2019-06-12 02:27:25'),(91,42,88,'Dicta ut rerum eveniet quos et molestiae consequatur. Amet nesciunt sunt rerum odit. Ullam voluptatem commodi in sit labore voluptates mollitia.',1,1,'2019-03-21 17:52:55'),(92,12,97,'Porro perferendis adipisci vel sint. Et numquam dolor placeat dolorum nostrum perferendis repudiandae ipsum. Perspiciatis dolore placeat quia est qui qui. Et mollitia aut hic magni delectus. Quos harum et doloremque veritatis culpa suscipit qui numquam.',0,0,'2019-04-25 19:59:37'),(93,48,50,'Veritatis cupiditate facere iste ea. Saepe beatae quisquam dolor quae enim quam est exercitationem. Magnam eos aut voluptatem eaque aut.',0,0,'2019-03-29 07:23:12'),(94,5,73,'Hic unde velit blanditiis enim quasi dolorem. Blanditiis ipsum aliquid sit exercitationem. Cupiditate ea ut nihil aliquid voluptatem mollitia sed. Deserunt aut rerum occaecati cupiditate quis nihil. Aliquid quaerat consequuntur est.',1,0,'2019-03-29 19:21:56'),(95,50,33,'Quod accusantium quae necessitatibus repudiandae. Ullam qui sit voluptatem praesentium possimus suscipit voluptates.',1,0,'2019-11-04 18:18:14'),(96,11,58,'Est quam et id. Qui fuga sint dolore ipsa consequuntur suscipit facere. Repellat quia quia voluptatum reiciendis.',1,0,'2019-04-20 01:59:29'),(97,55,2,'Ut quisquam perspiciatis voluptate. Rem vel ipsum fugiat voluptas. Quibusdam necessitatibus distinctio commodi eaque et sint occaecati. Accusamus ut illum eum et et dolores. Inventore ab et corporis quo delectus.',0,1,'2020-02-25 21:22:07'),(98,44,15,'Consequatur laborum voluptatem cupiditate facilis. Quas neque consequatur quos sed consectetur quisquam quo. Et tenetur quia officiis modi.',1,1,'2020-01-12 08:45:03'),(99,43,68,'Sint est quasi qui. Nam et unde provident quo aut consequatur. Et ut sequi porro nostrum ut. Illo perferendis amet repudiandae rerum.',0,0,'2019-10-13 05:14:39'),(100,11,50,'Vero rem et dolores voluptate quia. Natus corrupti ut dolor et necessitatibus deserunt illo.',1,0,'2019-05-08 09:38:45');
/*!40000 ALTER TABLE `messages` ENABLE KEYS */;
UNLOCK TABLES;

--
-- Table structure for table `profiles`
--

DROP TABLE IF EXISTS `profiles`;
/*!40101 SET @saved_cs_client     = @@character_set_client */;
/*!50503 SET character_set_client = utf8mb4 */;
CREATE TABLE `profiles` (
  `user_id` int unsigned NOT NULL,
  `gender` char(1) CHARACTER SET utf8 COLLATE utf8_unicode_ci NOT NULL,
  `birthday` date DEFAULT NULL,
  `city` varchar(100) CHARACTER SET utf8 COLLATE utf8_unicode_ci DEFAULT NULL,
  `country` varchar(100) CHARACTER SET utf8 COLLATE utf8_unicode_ci DEFAULT NULL,
  `created_at` datetime DEFAULT CURRENT_TIMESTAMP,
  `updated_at` datetime DEFAULT CURRENT_TIMESTAMP ON UPDATE CURRENT_TIMESTAMP,
  PRIMARY KEY (`user_id`)
) ENGINE=InnoDB DEFAULT CHARSET=utf8 COLLATE=utf8_unicode_ci;
/*!40101 SET character_set_client = @saved_cs_client */;

--
-- Dumping data for table `profiles`
--

LOCK TABLES `profiles` WRITE;
/*!40000 ALTER TABLE `profiles` DISABLE KEYS */;
INSERT INTO `profiles` VALUES (1,'m','2009-03-29','Gregorioshire','Sierra Leone','2010-12-27 04:30:32','2020-03-09 12:27:05'),(2,'m','1990-08-24','Lake Evertview','Grenada','2017-01-01 13:01:38','2020-03-09 12:27:05'),(3,'f','2018-03-06','Lake Wernermouth','Togo','2017-10-10 12:44:09','2020-03-09 12:27:05'),(4,'f','1989-10-06','North Cole','Yemen','2015-06-18 21:16:56','2020-03-09 12:27:05'),(5,'m','2008-03-30','West Mariamville','Malaysia','2013-09-12 00:25:10','2020-03-09 12:27:05'),(6,'f','1977-09-16','West Ricardo','Heard Island and McDonald Islands','2019-10-28 17:26:28','2020-03-09 12:27:05'),(7,'f','1982-02-12','South Russchester','Colombia','2017-11-03 18:44:56','2020-03-09 12:27:05'),(8,'f','1999-07-24','New Lawsonton','Aruba','2017-07-05 12:54:16','2020-03-09 12:27:05'),(9,'m','1977-02-19','Oberbrunnerfort','Guernsey','2014-04-13 07:36:02','2020-03-09 12:27:05'),(10,'m','2013-05-23','New Sherwood','Indonesia','2011-04-07 04:10:53','2020-03-09 12:27:05'),(11,'f','1970-08-21','Carterstad','Chile','2016-03-21 00:34:33','2020-03-09 12:27:05'),(12,'f','2005-08-07','Johnstonville','Montenegro','2015-06-04 21:30:35','2020-03-09 12:27:05'),(13,'m','1993-01-30','North Ivytown','Christmas Island','2010-11-23 12:29:22','2020-03-09 12:27:05'),(14,'f','2009-06-24','Hyatthaven','South Africa','2019-05-30 17:43:53','2020-03-09 12:27:05'),(15,'m','1988-12-24','Lake Keely','Chile','2010-04-18 05:20:49','2020-03-09 12:27:05'),(16,'m','1990-02-14','North Jaqueline','Poland','2014-06-04 09:07:36','2020-03-09 12:27:05'),(17,'f','1995-08-13','Oberbrunnerton','Swaziland','2010-06-04 02:59:05','2020-03-09 12:27:05'),(18,'f','1996-01-20','Rodrigoville','Cote d\'Ivoire','2017-05-28 08:48:24','2020-03-09 12:27:05'),(19,'f','1997-11-29','West Elsieburgh','Uzbekistan','2011-02-25 01:02:04','2020-03-09 12:27:05'),(20,'f','1992-08-06','North Eloy','United Arab Emirates','2010-11-21 14:46:41','2020-03-09 12:27:05'),(21,'m','1971-02-15','Lamontburgh','Turkey','2018-03-19 02:09:03','2020-03-09 12:27:05'),(22,'m','1987-06-08','Vonchester','Morocco','2014-11-12 07:44:53','2020-03-09 12:27:05'),(23,'f','1989-11-24','New Elroyton','Turkmenistan','2013-12-12 21:25:38','2020-03-09 12:27:05'),(24,'f','1993-08-14','Farrellland','Afghanistan','2018-06-27 16:14:12','2020-03-09 12:27:05'),(25,'m','1984-02-02','South Rosemarieberg','Zimbabwe','2017-06-15 23:43:01','2020-03-09 12:27:05'),(26,'m','1979-10-13','Pagacport','Comoros','2013-02-01 23:46:15','2020-03-09 12:27:05'),(27,'m','1998-02-08','Lake Jillian','Mali','2011-07-15 13:39:43','2020-03-09 12:27:05'),(28,'f','1996-04-15','Burniceview','Monaco','2017-10-23 02:57:18','2020-03-09 12:27:05'),(29,'f','2017-01-15','D\'Amoreborough','American Samoa','2018-05-09 10:51:00','2020-03-09 12:27:05'),(30,'f','1986-02-02','Port Effie','Somalia','2015-12-31 09:56:51','2020-03-09 12:27:05'),(31,'m','1980-06-20','Laurianneshire','Indonesia','2010-11-09 20:05:15','2020-03-09 12:27:05'),(32,'m','1992-02-10','New Mckenzieland','Belgium','2014-09-12 23:21:13','2020-03-09 12:27:05'),(33,'f','1981-10-31','South Meghan','Albania','2017-05-07 19:43:25','2020-03-09 12:27:05'),(34,'m','2019-02-23','Armstrongfurt','Saint Lucia','2012-10-15 16:20:17','2020-03-09 12:27:05'),(35,'f','1974-03-29','North Einarberg','Faroe Islands','2019-08-02 08:18:23','2020-03-09 12:27:05'),(36,'m','2018-08-22','North Clement','Palestinian Territory','2013-10-07 12:03:21','2020-03-09 12:27:05'),(37,'f','1975-04-01','Dareport','Palau','2018-02-17 15:52:19','2020-03-09 12:27:05'),(38,'m','1977-08-07','South Janisland','Haiti','2015-03-28 06:39:52','2020-03-09 12:27:05'),(39,'m','2019-05-04','Port Jayneberg','Bolivia','2017-09-03 13:46:53','2020-03-09 12:27:05'),(40,'m','1976-10-26','South Doughaven','Kazakhstan','2019-04-18 19:52:19','2020-03-09 12:27:05'),(41,'m','1998-07-22','Reynoldsfort','Norfolk Island','2016-02-05 01:25:20','2020-03-09 12:27:05'),(42,'f','1980-10-18','Jaspershire','Panama','2010-04-08 02:37:52','2020-03-09 12:27:05'),(43,'m','2006-04-24','Willmsmouth','Samoa','2016-02-17 15:15:36','2020-03-09 12:27:05'),(44,'f','1977-08-08','Lake Jalyn','Lao People\'s Democratic Republic','2015-02-27 14:37:52','2020-03-09 12:27:05'),(45,'f','1974-10-31','Gerryhaven','Dominica','2015-04-23 18:05:46','2020-03-09 12:27:05'),(46,'f','2018-01-21','Preciousmouth','Qatar','2015-11-13 03:11:19','2020-03-09 12:27:05'),(47,'f','2008-05-01','East Lucienne','Svalbard & Jan Mayen Islands','2019-05-31 13:46:27','2020-03-09 12:27:05'),(48,'m','1996-10-01','Douglasburgh','Ireland','2011-12-30 14:58:06','2020-03-09 12:27:05'),(49,'m','2002-04-15','Rodrigoborough','Canada','2014-05-17 02:33:00','2020-03-09 12:27:05'),(50,'f','1993-11-19','Cheyennestad','Jordan','2019-12-07 01:05:56','2020-03-09 12:27:05'),(51,'m','2000-01-03','East Hertaville','Korea','2013-01-24 03:19:59','2020-03-09 12:27:05'),(52,'f','1999-01-29','Mosciskiton','Tajikistan','2011-06-20 17:34:34','2020-03-09 12:27:05'),(53,'f','2002-02-03','Mayertown','Solomon Islands','2015-04-08 07:14:32','2020-03-09 12:27:05'),(54,'f','1994-11-18','Langworthville','New Caledonia','2018-05-29 00:48:56','2020-03-09 12:27:05'),(55,'m','2017-02-01','Nathanaeltown','Western Sahara','2014-03-09 09:41:34','2020-03-09 12:27:05'),(56,'f','1972-04-02','West Dallaschester','Sierra Leone','2013-09-16 17:00:05','2020-03-09 12:27:05'),(57,'m','2018-06-15','East Judd','Senegal','2011-07-25 10:13:44','2020-03-09 12:27:05'),(58,'f','1979-03-26','Lake Artfort','Ukraine','2018-02-17 20:49:57','2020-03-09 12:27:05'),(59,'m','1997-04-02','Lake Heidifurt','Mongolia','2020-01-18 08:13:08','2020-03-09 12:27:05'),(60,'f','1972-01-26','Lake Nestor','Saint Pierre and Miquelon','2018-05-02 08:06:41','2020-03-09 12:27:05'),(61,'f','1996-03-01','Lindgrenbury','Mexico','2016-01-09 13:05:11','2020-03-09 12:27:05'),(62,'m','1999-07-25','East Russel','Montenegro','2018-06-22 23:27:53','2020-03-09 12:27:05'),(63,'f','2002-04-03','Gorczanychester','Anguilla','2010-07-29 10:10:35','2020-03-09 12:27:05'),(64,'f','1989-04-29','Haroldville','Norfolk Island','2012-10-10 01:18:41','2020-03-09 12:27:05'),(65,'f','1998-12-04','West Wade','Bhutan','2015-12-09 21:35:39','2020-03-09 12:27:05'),(66,'m','1977-02-07','North Electachester','Portugal','2019-10-29 21:55:58','2020-03-09 12:27:05'),(67,'f','2006-07-03','New Emerson','Sri Lanka','2013-11-26 22:51:15','2020-03-09 12:27:05'),(68,'m','2004-11-12','Port Stuartport','Sao Tome and Principe','2010-09-29 16:48:22','2020-03-09 12:27:05'),(69,'f','1975-02-27','Goldnerburgh','Equatorial Guinea','2014-01-13 10:56:20','2020-03-09 12:27:05'),(70,'m','2014-11-10','Harveyville','Rwanda','2018-02-22 07:17:23','2020-03-09 12:27:05'),(71,'m','1991-02-27','Hillsfurt','Jersey','2018-01-23 13:44:02','2020-03-09 12:27:05'),(72,'m','2009-07-11','East Leslymouth','Namibia','2011-12-30 08:45:28','2020-03-09 12:27:05'),(73,'m','2011-07-19','East Beaufurt','Lebanon','2012-03-09 02:39:57','2020-03-09 12:27:05'),(74,'m','1998-06-01','Bernitaside','Rwanda','2017-09-19 17:34:33','2020-03-09 12:27:05'),(75,'m','1990-01-13','West Hendersonland','Israel','2011-10-21 13:36:12','2020-03-09 12:27:05'),(76,'f','1974-03-18','Lake Elian','British Virgin Islands','2015-09-10 09:45:53','2020-03-09 12:27:05'),(77,'m','2018-04-05','North Destiny','Gibraltar','2018-03-02 02:37:32','2020-03-09 12:27:05'),(78,'m','2017-08-21','Schaeferton','Russian Federation','2014-12-07 01:40:04','2020-03-09 12:27:05'),(79,'m','1977-01-05','Lubowitzburgh','Benin','2015-07-30 13:40:42','2020-03-09 12:27:05'),(80,'m','2013-03-31','New Selina','Korea','2012-04-27 06:55:09','2020-03-09 12:27:05'),(81,'f','1985-05-31','Swaniawskiberg','Kenya','2013-04-24 12:32:35','2020-03-09 12:27:05'),(82,'m','2004-07-04','New Greyson','Cuba','2013-11-24 13:39:29','2020-03-09 12:27:05'),(83,'f','1990-04-23','New Lois','Guernsey','2013-06-08 01:08:03','2020-03-09 12:27:05'),(84,'m','1984-10-10','Port Justinehaven','Jamaica','2015-12-19 20:31:39','2020-03-09 12:27:05'),(85,'m','2018-11-06','Lake Ethantown','Cuba','2016-06-29 03:47:49','2020-03-09 12:27:05'),(86,'f','1978-02-16','Kiarrashire','Uruguay','2019-04-07 16:55:54','2020-03-09 12:27:05'),(87,'f','1974-03-30','Brakusside','Iraq','2015-07-03 16:15:07','2020-03-09 12:27:05'),(88,'m','1981-08-24','Rhodaland','Cambodia','2015-09-22 08:30:40','2020-03-09 12:27:05'),(89,'f','1977-11-23','North Jakob','Hong Kong','2011-11-07 23:41:54','2020-03-09 12:27:05'),(90,'f','2009-11-28','East Eula','Tuvalu','2018-09-29 23:58:42','2020-03-09 12:27:05'),(91,'m','2012-08-05','Lake Shannafort','Bouvet Island (Bouvetoya)','2012-09-19 21:55:40','2020-03-09 12:27:05'),(92,'m','2009-01-21','Mohrbury','Macedonia','2011-09-09 04:22:53','2020-03-09 12:27:05'),(93,'f','1990-06-20','South Kristaborough','Falkland Islands (Malvinas)','2019-06-23 03:21:58','2020-03-09 12:27:05'),(94,'f','1980-04-27','West Faeside','Poland','2011-01-06 17:24:57','2020-03-09 12:27:05'),(95,'m','1980-09-19','East Soniashire','Iceland','2010-09-30 13:32:27','2020-03-09 12:27:05'),(96,'m','1975-05-12','South Yadira','Estonia','2012-01-07 20:20:16','2020-03-09 12:27:05'),(97,'m','2014-12-27','South Pinkie','Guadeloupe','2015-09-11 16:12:19','2020-03-09 12:27:05'),(98,'m','1991-09-18','Monafurt','Costa Rica','2017-04-24 15:02:30','2020-03-09 12:27:05'),(99,'m','2005-12-12','Carolanneshire','Angola','2010-05-26 11:23:29','2020-03-09 12:27:05'),(100,'f','1984-08-06','Lake Dominique','Samoa','2018-03-01 07:56:18','2020-03-09 12:27:05');
/*!40000 ALTER TABLE `profiles` ENABLE KEYS */;
UNLOCK TABLES;

--
-- Table structure for table `users`
--

DROP TABLE IF EXISTS `users`;
/*!40101 SET @saved_cs_client     = @@character_set_client */;
/*!50503 SET character_set_client = utf8mb4 */;
CREATE TABLE `users` (
  `id` int unsigned NOT NULL AUTO_INCREMENT,
  `first_name` varchar(100) CHARACTER SET utf8 COLLATE utf8_unicode_ci NOT NULL,
  `last_name` varchar(100) CHARACTER SET utf8 COLLATE utf8_unicode_ci NOT NULL,
  `email` varchar(130) CHARACTER SET utf8 COLLATE utf8_unicode_ci NOT NULL,
  `phone` varchar(130) CHARACTER SET utf8 COLLATE utf8_unicode_ci NOT NULL,
  `created_at` datetime DEFAULT CURRENT_TIMESTAMP,
  `updated_at` datetime DEFAULT CURRENT_TIMESTAMP ON UPDATE CURRENT_TIMESTAMP,
  PRIMARY KEY (`id`),
  UNIQUE KEY `email` (`email`),
  UNIQUE KEY `phone` (`phone`)
) ENGINE=InnoDB AUTO_INCREMENT=101 DEFAULT CHARSET=utf8 COLLATE=utf8_unicode_ci;
/*!40101 SET character_set_client = @saved_cs_client */;

--
-- Dumping data for table `users`
--

LOCK TABLES `users` WRITE;
/*!40000 ALTER TABLE `users` DISABLE KEYS */;
INSERT INTO `users` VALUES (1,'Isabel','Grimes','fausto.littel@example.com','646.462.2262','2011-06-20 13:25:24','2014-02-03 21:51:32'),(2,'Vita','Prosacco','lakin.giovanny@example.org','188.350.7079x93104','2011-02-18 16:34:15','2020-03-09 12:26:54'),(3,'Maymie','Friesen','raphaelle19@example.net','527-179-8682','2018-09-01 07:47:57','2020-03-09 12:26:54'),(4,'Elmer','Jaskolski','vita.reinger@example.com','1-951-176-8101x5401','2017-12-17 18:33:02','2020-03-09 12:26:54'),(5,'Brennon','Dickens','esmitham@example.net','208-450-4283x11615','2013-05-13 04:06:43','2017-09-26 11:05:46'),(6,'Lisa','Kreiger','nicholaus.reynolds@example.org','07623717790','2012-09-20 19:00:38','2018-11-14 13:31:18'),(7,'Coleman','Hessel','ana.nikolaus@example.org','418.763.8290','2010-12-10 17:50:08','2011-08-31 17:12:58'),(8,'Dillan','Carroll','alverta.macejkovic@example.net','1-321-558-1977','2012-05-21 02:54:53','2015-11-02 20:05:33'),(9,'Uriah','Balistreri','abeatty@example.net','06329672302','2010-05-09 00:05:10','2020-01-24 12:42:20'),(10,'Beverly','Romaguera','bria.mcglynn@example.com','(907)004-6611','2011-06-14 13:34:07','2017-02-26 19:10:52'),(11,'Jarod','Crooks','jeanne90@example.net','1-588-070-4876','2012-02-14 09:18:41','2020-01-18 07:53:35'),(12,'Maia','Moen','xnienow@example.com','338-294-4998x50364','2012-04-02 00:29:59','2012-07-30 07:56:48'),(13,'Russ','Gibson','johnnie.rath@example.net','1-800-654-0904x743','2015-12-22 05:08:31','2020-03-09 12:26:54'),(14,'Christina','Grant','eli.stokes@example.com','1-692-918-8790x055','2011-11-25 01:40:14','2020-01-29 09:10:08'),(15,'Robin','Reynolds','toney14@example.net','512-977-9514x087','2014-01-06 10:57:36','2020-03-09 12:26:54'),(16,'Precious','Hodkiewicz','akeebler@example.org','(543)947-7589','2011-04-27 21:01:22','2018-04-27 02:56:46'),(17,'Kurt','Cronin','nmarquardt@example.com','601.731.1651x49672','2015-05-01 08:20:04','2020-03-09 12:26:54'),(18,'Karley','Bednar','garmstrong@example.org','1-029-779-8785','2019-03-29 07:22:02','2020-03-09 12:26:54'),(19,'Alan','Labadie','wberge@example.net','(597)115-3933x98371','2016-11-19 05:34:47','2020-03-09 12:26:54'),(20,'Maria','Wisoky','nicolas.giovanni@example.net','(878)340-1537','2016-08-22 15:56:54','2020-03-09 12:26:54'),(21,'Randall','O\'Connell','chauncey.kassulke@example.com','013-902-1402x405','2011-03-11 18:34:16','2012-04-03 23:34:30'),(22,'Elizabeth','Nienow','april.hessel@example.com','+65(0)8106957801','2015-12-05 22:44:49','2020-03-09 12:26:54'),(23,'Angela','Parisian','brown.larkin@example.org','465.565.1474','2014-09-10 02:35:29','2015-12-20 00:19:21'),(24,'Hilbert','Considine','shanahan.selina@example.com','(952)793-8716','2010-10-09 22:51:22','2016-09-03 21:18:48'),(25,'Grant','Willms','adalberto23@example.org','409-576-3713x55325','2011-06-04 15:18:55','2013-04-08 22:35:56'),(26,'Ransom','Senger','brooke.barrows@example.com','1-338-577-8882x45120','2017-05-19 01:49:11','2018-05-27 14:51:35'),(27,'Henry','Harvey','hahn.bettie@example.com','695-010-6873x76257','2012-10-12 13:33:56','2015-05-31 16:33:30'),(28,'Tyler','Dicki','benny.ebert@example.net','971-858-6364x2579','2016-09-01 01:57:54','2017-03-01 11:36:34'),(29,'Elyse','Donnelly','strosin.edyth@example.net','902.704.6999','2017-07-29 13:41:47','2020-03-09 12:26:54'),(30,'Jessyca','Eichmann','ebert.joan@example.net','614.839.2011x21133','2015-03-22 12:15:48','2020-03-09 12:26:54'),(31,'Jazmin','Shanahan','ratke.katheryn@example.com','783-052-1685','2018-01-08 05:51:22','2020-03-09 12:26:54'),(32,'Duane','Blanda','plittle@example.org','114.676.0655x760','2018-02-11 05:51:38','2020-03-09 12:26:54'),(33,'Gudrun','Streich','pweissnat@example.net','1-274-515-0769x8142','2012-08-18 15:49:02','2020-03-09 12:26:54'),(34,'Reggie','Schulist','mathias42@example.com','+44(9)4111538043','2016-06-21 02:42:35','2018-12-28 04:49:19'),(35,'Georgette','Hoppe','weichmann@example.net','342.464.4172','2014-08-20 05:18:12','2015-11-14 06:37:09'),(36,'Eula','Wiegand','flindgren@example.com','553-956-2682x0546','2011-02-10 15:31:22','2020-03-09 12:26:54'),(37,'Evert','Roberts','joany68@example.com','1-432-704-9883x62992','2015-08-10 08:54:13','2020-03-09 12:26:54'),(38,'Stella','Bartoletti','ethompson@example.com','(583)258-9552x230','2011-08-08 21:54:50','2018-07-18 22:03:27'),(39,'Davon','Wisoky','vita.nader@example.com','(793)088-6273x1198','2010-04-02 21:37:45','2018-05-14 01:58:12'),(40,'Freeman','Marvin','boyle.consuelo@example.net','723.432.0860','2019-04-13 04:43:52','2020-03-09 12:26:54'),(41,'Juanita','Toy','leffler.marilou@example.com','198-697-7365x812','2015-04-29 14:43:24','2020-03-09 12:26:54'),(42,'Hollis','Runolfsdottir','knolan@example.com','007-851-1511x512','2012-05-31 09:11:32','2018-09-18 03:05:06'),(43,'Jacey','McClure','ulang@example.com','591.858.1085','2019-10-20 14:04:51','2020-03-09 12:26:54'),(44,'Luisa','Kozey','breanne.casper@example.com','449-208-6932x842','2017-12-28 03:47:12','2020-03-09 12:26:54'),(45,'Candido','Olson','kilback.odessa@example.org','+03(4)5075975378','2020-02-29 19:17:35','2020-03-09 12:26:54'),(46,'Wendell','DuBuque','lboyle@example.org','659-131-8056x8769','2014-02-09 20:36:23','2019-08-29 04:25:07'),(47,'Bernard','Steuber','banderson@example.org','1-829-292-8873','2015-05-02 15:37:10','2019-07-21 20:46:15'),(48,'Cecil','Vandervort','hortense98@example.org','1-709-343-9550x0816','2012-04-10 06:17:10','2014-02-23 12:56:47'),(49,'Darryl','Howe','hintz.else@example.net','(976)622-9628','2012-10-28 05:38:38','2015-07-11 12:05:52'),(50,'Gilbert','Schowalter','monique.quitzon@example.net','1-518-851-3598','2017-10-10 17:50:54','2020-02-15 16:57:31'),(51,'Constance','Crist','tromp.lolita@example.com','08068372772','2015-07-08 20:03:56','2020-03-09 12:26:54'),(52,'Jena','Schmeler','greenfelder.evans@example.com','(907)258-1493x431','2011-07-06 16:32:14','2020-03-09 12:26:54'),(53,'Mathias','Fisher','lubowitz.patience@example.org','272-223-0441x96322','2013-01-02 12:45:57','2013-06-06 15:43:17'),(54,'Eugene','Marvin','makenzie.yost@example.com','470-009-3646x8382','2015-09-02 13:07:47','2020-03-09 12:26:54'),(55,'Laury','Fritsch','gtorphy@example.org','1-820-669-3948','2010-12-21 13:21:30','2016-07-07 00:05:46'),(56,'Zakary','O\'Hara','shaylee.wilderman@example.net','07839229432','2019-11-07 19:23:44','2020-03-09 12:26:54'),(57,'Greta','Lind','leonel.feil@example.net','1-041-495-3142','2014-10-07 04:58:18','2018-10-18 22:46:49'),(58,'Justine','Stamm','wmann@example.org','600-319-4818x33566','2011-04-29 15:05:08','2020-03-09 12:26:54'),(59,'Keyshawn','Lindgren','hhudson@example.com','165.055.9469x79362','2018-04-17 13:13:35','2020-03-09 12:26:54'),(60,'Jayne','Kessler','damion56@example.org','882.656.2217','2014-01-10 23:59:27','2019-02-01 23:54:03'),(61,'Luther','Walter','hrenner@example.net','623-714-1048x784','2012-09-12 21:37:10','2014-05-05 05:53:51'),(62,'Lynn','Simonis','graham.winfield@example.org','819-621-2235','2015-11-25 07:49:30','2020-03-09 12:26:54'),(63,'Floyd','Grady','ydaniel@example.net','436.860.2703x7675','2019-04-22 20:12:28','2020-03-09 12:26:54'),(64,'Graciela','Legros','leon.sporer@example.com','+51(4)3296744118','2010-09-07 21:49:44','2014-03-27 13:17:01'),(65,'Lennie','Graham','laurence40@example.com','091-962-8584x27187','2014-02-15 19:38:32','2020-03-09 12:26:54'),(66,'Giovanny','Feeney','samanta.renner@example.org','(428)812-4628x9780','2019-03-08 05:17:58','2020-03-09 12:26:54'),(67,'Dee','Pfannerstill','mcdermott.myrtle@example.com','(314)712-1313x88151','2013-10-04 04:21:44','2020-03-09 12:26:54'),(68,'Irwin','Koepp','hreichel@example.com','09294257454','2016-03-10 15:37:03','2020-03-09 12:26:54'),(69,'Clay','Borer','hattie80@example.net','686-427-9071x527','2011-02-16 03:31:07','2013-08-07 14:53:07'),(70,'Miguel','Raynor','reba15@example.net','(481)190-3181x106','2016-03-08 22:56:28','2020-03-09 12:26:54'),(71,'Breanna','Davis','jennings27@example.net','(467)734-2776','2016-01-27 11:57:02','2019-03-26 00:04:52'),(72,'Theresa','Torphy','alexanne.harber@example.net','06480403307','2011-10-12 00:32:20','2016-08-15 17:22:50'),(73,'Koby','Dietrich','donald15@example.com','277-890-7028','2018-01-10 00:04:27','2020-03-09 12:26:54'),(74,'Tyra','Marks','wnienow@example.net','1-439-044-5853x651','2012-01-12 10:19:53','2015-01-30 18:38:03'),(75,'Orland','Gorczany','koelpin.gladys@example.org','851-331-5537x982','2011-01-15 18:07:46','2014-09-13 01:56:02'),(76,'Lillie','Champlin','mccullough.eugenia@example.org','+51(1)0286852952','2014-03-28 07:06:49','2016-01-02 19:09:36'),(77,'Agustina','Wuckert','kiel24@example.net','1-645-488-1613x36495','2017-03-21 07:59:22','2020-03-09 12:26:54'),(78,'Kamryn','Keebler','njacobson@example.com','09042077055','2014-11-21 05:21:44','2020-03-09 12:26:54'),(79,'Eunice','Lang','harmony.pagac@example.net','(082)587-2595x41429','2015-03-21 12:06:02','2020-03-09 12:26:54'),(80,'Orie','Beier','anderson.lane@example.com','226-528-0188x550','2015-01-01 08:53:17','2015-05-26 15:06:56'),(81,'Marty','Bernier','schmeler.izabella@example.net','(941)914-8156','2015-09-01 01:20:17','2020-03-09 12:26:54'),(82,'Adelle','Kozey','noemi.thiel@example.net','1-886-481-2688','2019-06-19 11:57:48','2020-03-09 12:26:54'),(83,'Randal','Wilkinson','wstrosin@example.org','1-013-355-9691x27985','2016-10-21 15:42:45','2016-11-01 20:57:22'),(84,'Jessica','Feest','milan.jerde@example.com','(300)403-6499x43591','2015-11-01 14:39:54','2020-03-09 12:26:54'),(85,'Dina','O\'Reilly','carroll.schultz@example.com','(135)872-8668','2019-01-04 19:59:38','2020-03-09 12:26:54'),(86,'Adonis','Mayert','armstrong.keara@example.com','422.331.9728x45315','2018-10-18 05:23:06','2020-03-09 12:26:54'),(87,'Pierce','Satterfield','odoyle@example.com','580.629.5363','2014-12-17 18:01:18','2015-06-29 18:01:38'),(88,'Willow','Towne','cathryn.cummerata@example.org','1-056-654-6781','2013-08-10 01:03:44','2014-01-16 16:24:14'),(89,'Emanuel','Walsh','arno90@example.com','678.627.2070x53996','2014-12-01 08:24:01','2017-12-31 17:42:14'),(90,'Maximillia','Altenwerth','verna10@example.org','1-221-044-4690x31499','2012-10-11 16:19:33','2016-10-11 15:54:53'),(91,'Terrence','Bechtelar','nicholas.bernhard@example.net','1-557-106-6663x55385','2015-11-02 16:05:16','2020-03-09 12:26:54'),(92,'Enoch','Medhurst','wblanda@example.com','01866120687','2010-06-24 20:30:19','2014-12-23 22:28:54'),(93,'Aida','Boyle','renner.derek@example.org','651-035-6660x21008','2014-12-08 04:19:44','2018-08-05 01:11:21'),(94,'Oleta','Von','heloise10@example.com','1-028-938-8986x0386','2014-02-24 16:53:15','2016-05-20 00:23:26'),(95,'Saul','Murphy','augusta85@example.org','(014)909-9772x61224','2015-10-07 16:41:31','2016-05-03 22:19:19'),(96,'Jordyn','Welch','ines27@example.org','(313)993-4427x1489','2010-04-26 05:37:56','2018-06-26 20:22:26'),(97,'Carissa','Hilpert','blair69@example.org','026-597-0571x283','2017-10-26 14:59:33','2020-03-09 12:26:54'),(98,'Marge','Yost','yessenia38@example.net','+57(5)0786593646','2014-09-08 17:11:03','2014-11-15 23:51:40'),(99,'Trisha','Nienow','ashlee77@example.com','975-158-8869x227','2016-07-06 00:32:20','2020-03-09 12:26:54'),(100,'Zachery','Parisian','allen76@example.com','1-032-134-1447x27256','2014-03-03 14:58:59','2016-02-13 21:44:14');
/*!40000 ALTER TABLE `users` ENABLE KEYS */;
UNLOCK TABLES;
/*!40103 SET TIME_ZONE=@OLD_TIME_ZONE */;

/*!40101 SET SQL_MODE=@OLD_SQL_MODE */;
/*!40014 SET FOREIGN_KEY_CHECKS=@OLD_FOREIGN_KEY_CHECKS */;
/*!40014 SET UNIQUE_CHECKS=@OLD_UNIQUE_CHECKS */;
/*!40101 SET CHARACTER_SET_CLIENT=@OLD_CHARACTER_SET_CLIENT */;
/*!40101 SET CHARACTER_SET_RESULTS=@OLD_CHARACTER_SET_RESULTS */;
/*!40101 SET COLLATION_CONNECTION=@OLD_COLLATION_CONNECTION */;
/*!40111 SET SQL_NOTES=@OLD_SQL_NOTES */;

-- Dump completed on 2020-03-09 14:05:42
